product_id,product_name,list_price_in_cents
P0001,Open-source explicit firmware,21022
P0002,Cross-platform intermediate service-desk,24617
P0003,Streamlined hybrid firmware,5127
P0004,Face-to-face intangible projection,4371
P0005,Optimized context-sensitive forecast,32942
P0006,Expanded composite array,6203
P0007,Cross-group tangible secured line,3393
P0008,Customer-focused systematic migration,42647
P0009,Stand-alone fault-tolerant utilization,31458
P0010,Progressive static structure,8356
P0011,Expanded bi-directional implementation,12000
P0012,Upgradable exuding neural-net,39398
P0013,Optional holistic infrastructure,37047
P0014,Reverse-engineered static strategy,29538
P0015,Proactive even-keeled encryption,21816
P0016,Sharable 4thgeneration matrix,47016
P0017,Optimized national flexibility,49976
P0018,Team-oriented explicit functionalities,38971
P0019,User-friendly client-driven protocol,29063
P0020,Customer-focused bandwidth-monitored task-force,29021
P0021,Distributed grid-enabled superstructure,19873
P0022,User-centric explicit algorithm,25587
P0023,Front-line foreground software,43356
P0024,Pre-emptive regional archive,16798
P0025,Inverse heuristic pricing structure,36906
P0026,De-engineered 4thgeneration instruction set,8763
P0027,Multi-tiered logistical extranet,32263
P0028,Vision-oriented tangible Internet solution,24403
P0029,Future-proofed 3rdgeneration knowledgebase,42185
P0030,Re-contextualized asynchronous support,28798
P0031,Total static concept,20825
P0032,Future-proofed grid-enabled artificial intelligence,34995
P0033,Progressive maximized infrastructure,27246
P0034,Multi-tiered upward-trending process improvement,40453
P0035,Up-sized systematic encoding,1243
P0036,Enhanced dedicated success,33638
P0037,Switchable uniform software,48744
P0038,Cross-platform fault-tolerant architecture,19585
P0039,Horizontal local product,39044
P0040,Reverse-engineered dynamic emulation,1273
P0041,Inverse even-keeled toolset,7429
P0042,Persistent full-range benchmark,15729
P0043,Innovative encompassing interface,16262
P0044,Automated foreground secured line,28119
P0045,Advanced explicit strategy,45787
P0046,Compatible context-sensitive toolset,14808
P0047,User-friendly zero administration workforce,47710
P0048,Compatible neutral extranet,18779
P0049,Face-to-face reciprocal definition,27385
P0050,Ergonomic context-sensitive capability,34865
P0051,Polarized grid-enabled initiative,8689
P0052,Organized foreground methodology,25971
P0053,Secured reciprocal algorithm,49158
P0054,Persistent solution-oriented monitoring,42567
P0055,Customizable hybrid analyzer,21053
P0056,Multi-layered holistic knowledgebase,547
P0057,Seamless real-time info-mediaries,14637
P0058,Decentralized 4thgeneration groupware,44907
P0059,Extended next generation capability,14524
P0060,Down-sized web-enabled alliance,26496
P0061,Re-contextualized mission-critical workforce,12284
P0062,Ameliorated upward-trending conglomeration,35998
P0063,Assimilated even-keeled Local Area Network,23111
P0064,Ameliorated asynchronous frame,5769
P0065,Triple-buffered optimizing hierarchy,42516
P0066,Stand-alone regional matrices,11109
P0067,Persevering zero tolerance monitoring,23126
P0068,Front-line executive ability,41274
P0069,Persistent bi-directional orchestration,42716
P0070,Object-based optimal model,23705
P0071,User-friendly 5thgeneration time-frame,25435
P0072,Adaptive context-sensitive application,19823
P0073,Cloned regional installation,15238
P0074,Optional responsive conglomeration,43883
P0075,De-engineered actuating parallelism,41381
P0076,Reactive uniform system engine,29312
P0077,Fully-configurable object-oriented attitude,47436
P0078,Enhanced demand-driven project,42707
P0079,Virtual zero tolerance flexibility,15407
P0080,Face-to-face fresh-thinking customer loyalty,44380
P0081,User-centric neutral hierarchy,16469
P0082,User-centric analyzing capability,44007
P0083,Public-key neutral core,23522
P0084,Multi-lateral transitional throughput,7251
P0085,Multi-lateral leadingedge definition,36722
P0086,Profound coherent migration,33444
P0087,Seamless multi-tasking capability,21679
P0088,Synchronized client-server encryption,1805
P0089,Optimized 3rdgeneration architecture,534
P0090,Up-sized actuating middleware,43595
P0091,Open-source cohesive paradigm,15819
P0092,Pre-emptive composite firmware,21096
P0093,Reactive responsive artificial intelligence,14654
P0094,Visionary mission-critical knowledgebase,21023
P0095,Realigned dedicated protocol,29728
P0096,Adaptive 4thgeneration matrix,28834
P0097,Progressive neutral paradigm,16782
P0098,Right-sized non-volatile hardware,1557
P0099,Compatible global paradigm,38013
P0100,Versatile bandwidth-monitored ability,15347
P0101,Configurable global product,37886
P0102,Grass-roots maximized extranet,8392
P0103,Profound mission-critical challenge,1118
P0104,Customer-focused empowering neural-net,16680
P0105,Reduced local policy,42189
P0106,Fundamental clear-thinking methodology,37105
P0107,Reduced client-driven benchmark,7395
P0108,Synchronized actuating service-desk,16496
P0109,Enhanced asymmetric challenge,28484
P0110,Ergonomic contextually-based algorithm,42111
P0111,Progressive next generation service-desk,1308
P0112,Synergistic foreground workforce,13009
P0113,Reduced didactic superstructure,6555
P0114,Polarized fault-tolerant process improvement,22899
P0115,Down-sized uniform data-warehouse,3450
P0116,Pre-emptive bottom-line open system,38267
P0117,Front-line local process improvement,26880
P0118,Inverse non-volatile software,15998
P0119,Progressive 24hour collaboration,48633
P0120,Managed transitional model,14648
P0121,Up-sized client-server pricing structure,48592
P0122,Configurable solution-oriented knowledge user,38658
P0123,User-friendly mission-critical policy,17469
P0124,Focused user-facing open architecture,42307
P0125,Total needs-based customer loyalty,49323
P0126,Object-based 6thgeneration flexibility,34529
P0127,Multi-tiered eco-centric focus group,40292
P0128,Cross-platform tangible middleware,31301
P0129,Monitored coherent customer loyalty,45560
P0130,Open-source real-time process improvement,29748
P0131,Enhanced stable system engine,31536
P0132,Cross-group next generation project,36953
P0133,Assimilated exuding migration,45905
P0134,Secured exuding moderator,1036
P0135,Virtual stable interface,6179
P0136,Ergonomic radical collaboration,35077
P0137,Pre-emptive 5thgeneration benchmark,48541
P0138,Total eco-centric interface,39281
P0139,Implemented logistical success,28326
P0140,Team-oriented 5thgeneration collaboration,42790
P0141,Triple-buffered dynamic productivity,42005
P0142,Fully-configurable user-facing contingency,18843
P0143,Organized intangible policy,29929
P0144,Ergonomic explicit core,26530
P0145,Expanded analyzing protocol,36224
P0146,Progressive contextually-based encryption,24795
P0147,Multi-tiered optimal hardware,7233
P0148,Visionary intermediate standardization,43261
P0149,Optional contextually-based definition,28141
P0150,Progressive client-driven algorithm,9955
P0151,Total context-sensitive adapter,19284
P0152,Horizontal executive budgetary management,32462
P0153,Reverse-engineered client-server protocol,9510
P0154,Open-architected web-enabled middleware,37418
P0155,Innovative 3rdgeneration productivity,1854
P0156,Team-oriented empowering forecast,33845
P0157,Self-enabling systemic emulation,44783
P0158,Business-focused optimizing neural-net,48519
P0159,Compatible clear-thinking algorithm,44396
P0160,Stand-alone value-added productivity,8804
P0161,Adaptive asynchronous artificial intelligence,1657
P0162,Digitized well-modulated firmware,33278
P0163,Organic user-facing application,2485
P0164,Multi-lateral web-enabled throughput,14929
P0165,Centralized empowering data-warehouse,33535
P0166,Fundamental disintermediate artificial intelligence,48914
P0167,Triple-buffered uniform capability,31853
P0168,Versatile web-enabled definition,14132
P0169,Implemented maximized parallelism,48081
P0170,Business-focused foreground encryption,22875
P0171,Universal transitional paradigm,32099
P0172,Versatile asynchronous Graphic Interface,44612
P0173,Team-oriented hybrid data-warehouse,11439
P0174,Distributed context-sensitive firmware,9369
P0175,Profit-focused background architecture,17356
P0176,Decentralized modular pricing structure,40297
P0177,Decentralized zero administration policy,38707
P0178,Configurable bandwidth-monitored infrastructure,26808
P0179,Customizable high-level instruction set,47397
P0180,Implemented tertiary definition,40426
P0181,Horizontal multi-state ability,14499
P0182,De-engineered systematic algorithm,3677
P0183,Polarized systemic structure,18074
P0184,Robust impactful attitude,39832
P0185,Total coherent project,26318
P0186,Vision-oriented mobile challenge,35599
P0187,Face-to-face non-volatile customer loyalty,22970
P0188,Stand-alone intangible hardware,38486
P0189,Business-focused radical productivity,22742
P0190,Re-engineered even-keeled adapter,48397
P0191,Switchable client-server customer loyalty,17835
P0192,Reverse-engineered hybrid Graphic Interface,36895
P0193,Seamless asynchronous hardware,22532
P0194,Adaptive responsive orchestration,15576
P0195,Horizontal systematic benchmark,34591
P0196,User-friendly system-worthy capability,35575
P0197,Mandatory zero tolerance budgetary management,13975
P0198,Enhanced secondary algorithm,26255
P0199,Programmable coherent open system,23618
P0200,Expanded tangible capability,38500
P0201,Horizontal local strategy,22655
P0202,Fundamental web-enabled middleware,26470
P0203,Optimized local orchestration,1308
P0204,Reduced solution-oriented hub,37493
P0205,Profound high-level parallelism,26818
P0206,Networked explicit core,14772
P0207,Extended 5thgeneration service-desk,10110
P0208,Balanced bottom-line application,22773
P0209,Ergonomic intermediate circuit,32855
P0210,Cross-group executive synergy,28343
P0211,Assimilated bottom-line collaboration,44376
P0212,Integrated methodical attitude,43108
P0213,Business-focused didactic protocol,24878
P0214,Virtual solution-oriented hardware,28630
P0215,Expanded national challenge,31289
P0216,Fully-configurable optimal emulation,41356
P0217,Programmable actuating algorithm,12107
P0218,User-friendly client-server model,42246
P0219,Secured asymmetric software,34528
P0220,Automated 24hour project,14333
P0221,Compatible system-worthy concept,32584
P0222,Reactive high-level projection,29685
P0223,De-engineered actuating Local Area Network,32501
P0224,Advanced eco-centric open architecture,15532
P0225,Balanced attitude-oriented intranet,35464
P0226,Compatible explicit analyzer,33616
P0227,Open-architected stable flexibility,671
P0228,Sharable motivating hierarchy,12031
P0229,Implemented discrete knowledge user,10671
P0230,Monitored grid-enabled strategy,46533
P0231,Robust 5thgeneration open architecture,18600
P0232,Operative even-keeled moratorium,7053
P0233,Compatible analyzing process improvement,14961
P0234,Ameliorated fault-tolerant projection,32939
P0235,Function-based didactic Local Area Network,44451
P0236,Multi-tiered real-time function,33159
P0237,Cloned human-resource product,14423
P0238,Centralized context-sensitive moratorium,19692
P0239,Monitored fresh-thinking frame,7071
P0240,Visionary dynamic concept,24174
P0241,Automated analyzing open architecture,12358
P0242,Optimized static core,44006
P0243,Open-architected needs-based core,21598
P0244,De-engineered asynchronous capacity,7630
P0245,Persevering local extranet,32444
P0246,Balanced fault-tolerant matrices,37010
P0247,Organized systematic migration,13678
P0248,Re-engineered 24hour frame,4781
P0249,Multi-channeled next generation customer loyalty,516
P0250,Future-proofed well-modulated productivity,4790
P0251,Digitized mission-critical function,42157
P0252,Mandatory composite challenge,3228
P0253,Balanced human-resource circuit,42155
P0254,De-engineered heuristic structure,42451
P0255,Fundamental multimedia archive,37233
P0256,Enterprise-wide asymmetric utilization,23598
P0257,Reactive leadingedge attitude,26016
P0258,Pre-emptive solution-oriented artificial intelligence,31330
P0259,Seamless foreground budgetary management,42489
P0260,Proactive dedicated throughput,4886
P0261,Organized bifurcated software,26872
P0262,Compatible transitional capability,20298
P0263,Cloned client-server middleware,22164
P0264,Down-sized neutral analyzer,6090
P0265,Proactive maximized software,46598
P0266,Expanded value-added artificial intelligence,6411
P0267,Realigned asymmetric strategy,7113
P0268,Proactive bottom-line intranet,34729
P0269,Integrated object-oriented hierarchy,33809
P0270,Digitized analyzing projection,27408
P0271,Streamlined bifurcated approach,20525
P0272,Mandatory bi-directional knowledge user,29941
P0273,Adaptive tertiary knowledge user,44059
P0274,Right-sized dynamic analyzer,32190
P0275,Progressive bottom-line paradigm,12423
P0276,Diverse disintermediate intranet,6307
P0277,Compatible bandwidth-monitored standardization,29577
P0278,Streamlined motivating portal,27290
P0279,Public-key global utilization,23650
P0280,Open-source bandwidth-monitored complexity,40029
P0281,Face-to-face responsive frame,17321
P0282,Horizontal interactive solution,31528
P0283,Distributed logistical focus group,29098
P0284,Virtual exuding flexibility,12078
P0285,Fully-configurable coherent synergy,43994
P0286,Polarized solution-oriented forecast,5454
P0287,Up-sized content-based capability,48540
P0288,Streamlined 24hour middleware,5065
P0289,Cross-group discrete portal,27613
P0290,Business-focused contextually-based hardware,40584
P0291,Fully-configurable responsive neural-net,38893
P0292,Ameliorated bandwidth-monitored capability,34151
P0293,Business-focused interactive database,9665
P0294,Seamless context-sensitive budgetary management,31575
P0295,Innovative needs-based parallelism,41739
P0296,Optimized dedicated Graphic Interface,46966
P0297,Managed bifurcated synergy,28772
P0298,Fundamental client-driven data-warehouse,37981
P0299,Profound 5thgeneration installation,786
P0300,Innovative secondary array,43624
P0301,Team-oriented 24hour standardization,3061
P0302,Intuitive coherent frame,26706
P0303,Innovative holistic definition,37049
P0304,Re-engineered scalable circuit,11823
P0305,Multi-lateral interactive secured line,11560
P0306,Quality-focused 6thgeneration matrix,17600
P0307,Digitized upward-trending function,18773
P0308,Optional maximized initiative,8498
P0309,Open-architected logistical hierarchy,25443
P0310,Streamlined stable encryption,34746
P0311,Self-enabling 24hour migration,44770
P0312,Total cohesive benchmark,37936
P0313,Polarized next generation info-mediaries,34486
P0314,Diverse logistical architecture,9592
P0315,Enhanced logistical methodology,10910
P0316,Inverse multi-tasking throughput,9937
P0317,Object-based needs-based archive,33125
P0318,Diverse dynamic groupware,18746
P0319,Exclusive local product,18217
P0320,User-friendly multi-tasking software,15668
P0321,Visionary explicit Local Area Network,42842
P0322,Expanded global success,39155
P0323,Extended bottom-line orchestration,11960
P0324,Profit-focused encompassing projection,35154
P0325,Distributed well-modulated superstructure,1659
P0326,Customer-focused hybrid alliance,32259
P0327,Compatible 24hour task-force,18558
P0328,Balanced needs-based migration,27400
P0329,Future-proofed homogeneous firmware,943
P0330,Pre-emptive mission-critical toolset,33369
P0331,Compatible cohesive definition,33343
P0332,Persevering systematic portal,29921
P0333,Stand-alone next generation encryption,16401
P0334,Object-based high-level application,35649
P0335,Optimized human-resource neural-net,44942
P0336,Decentralized mobile conglomeration,46725
P0337,Upgradable disintermediate architecture,19409
P0338,Balanced secondary success,1727
P0339,Universal uniform software,7205
P0340,Synchronized multi-tasking portal,44420
P0341,Optimized content-based hub,13259
P0342,Multi-tiered motivating info-mediaries,3411
P0343,Decentralized high-level database,6293
P0344,Adaptive tangible website,39958
P0345,Distributed zero tolerance process improvement,42173
P0346,Cross-platform methodical customer loyalty,23346
P0347,Horizontal bandwidth-monitored orchestration,7341
P0348,Exclusive methodical archive,24607
P0349,Object-based content-based installation,11151
P0350,Business-focused modular groupware,39002
P0351,Triple-buffered human-resource throughput,31153
P0352,Ameliorated neutral intranet,18644
P0353,Front-line composite flexibility,26482
P0354,Virtual executive access,11755
P0355,Mandatory high-level toolset,24696
P0356,Digitized empowering product,3044
P0357,Progressive next generation support,1654
P0358,Switchable leadingedge strategy,26118
P0359,Face-to-face intermediate framework,43808
P0360,Compatible neutral hierarchy,24474
P0361,Integrated optimizing firmware,15612
P0362,Universal national emulation,25404
P0363,Synergistic tangible hardware,4683
P0364,Distributed solution-oriented migration,27966
P0365,Managed cohesive installation,39159
P0366,Configurable next generation database,45921
P0367,Centralized explicit challenge,10310
P0368,Automated reciprocal process improvement,28633
P0369,Quality-focused didactic parallelism,42227
P0370,Implemented motivating hub,556
P0371,Reactive static Local Area Network,26899
P0372,Up-sized stable project,35873
P0373,Programmable logistical orchestration,15053
P0374,Fundamental multi-tasking info-mediaries,6312
P0375,Fully-configurable scalable system engine,45406
P0376,Visionary optimal standardization,28415
P0377,Cloned grid-enabled secured line,25152
P0378,Secured disintermediate moratorium,28432
P0379,Object-based object-oriented definition,31202
P0380,Innovative non-volatile support,14037
P0381,Polarized client-driven matrices,10518
P0382,Advanced non-volatile protocol,41816
P0383,Streamlined holistic focus group,32293
P0384,Business-focused coherent solution,20323
P0385,Re-contextualized empowering synergy,40827
P0386,Networked interactive algorithm,15158
P0387,Stand-alone clear-thinking paradigm,5974
P0388,Stand-alone context-sensitive system engine,34889
P0389,Up-sized value-added standardization,34490
P0390,Programmable multimedia data-warehouse,4660
P0391,Open-source responsive monitoring,44067
P0392,User-friendly 24/7 frame,14270
P0393,User-centric foreground website,43469
P0394,Multi-lateral upward-trending protocol,11774
P0395,Total full-range implementation,42524
P0396,Programmable high-level capability,45199
P0397,Optional regional model,40316
P0398,Switchable foreground paradigm,43204
P0399,Inverse eco-centric access,48575
P0400,Implemented tertiary architecture,18908
P0401,Fully-configurable bi-directional customer loyalty,2013
P0402,Visionary hybrid knowledgebase,25167
P0403,Digitized dynamic instruction set,38210
P0404,Face-to-face even-keeled success,40112
P0405,Extended zero administration function,8722
P0406,Operative modular task-force,34645
P0407,Re-engineered bifurcated hub,7937
P0408,Enterprise-wide eco-centric encryption,9277
P0409,Devolved bottom-line intranet,30863
P0410,Sharable system-worthy moderator,23819
P0411,Vision-oriented 24hour success,49246
P0412,Robust well-modulated software,19615
P0413,Progressive dedicated alliance,49768
P0414,Front-line systemic hardware,31265
P0415,Monitored zero tolerance focus group,2974
P0416,Expanded bifurcated adapter,901
P0417,Open-architected well-modulated Local Area Network,17040
P0418,Enhanced 24/7 benchmark,35560
P0419,Quality-focused multimedia strategy,4107
P0420,Realigned stable standardization,17032
P0421,Object-based human-resource groupware,27322
P0422,Persevering value-added function,33285
P0423,Customizable attitude-oriented interface,48473
P0424,Decentralized object-oriented middleware,36547
P0425,Reverse-engineered systematic service-desk,18038
P0426,Team-oriented modular contingency,44119
P0427,Profit-focused intangible Graphic Interface,42450
P0428,Pre-emptive fresh-thinking customer loyalty,6261
P0429,Optional multi-tasking software,26940
P0430,Robust holistic contingency,35486
P0431,Reactive zero tolerance benchmark,35805
P0432,Object-based multi-state productivity,8917
P0433,Virtual composite support,18362
P0434,Exclusive clear-thinking structure,19716
P0435,Polarized well-modulated toolset,26635
P0436,De-engineered global solution,18612
P0437,Virtual transitional website,33763
P0438,Centralized high-level open architecture,49893
P0439,Profound discrete circuit,39501
P0440,Inverse intermediate customer loyalty,1292
P0441,Polarized fresh-thinking info-mediaries,25517
P0442,Distributed asymmetric migration,44590
P0443,Exclusive multi-state benchmark,13338
P0444,Reverse-engineered transitional pricing structure,23364
P0445,Devolved bi-directional frame,13921
P0446,Organized client-driven project,25583
P0447,Seamless next generation benchmark,20288
P0448,Reduced reciprocal hardware,26249
P0449,Stand-alone multi-tasking parallelism,35725
P0450,Robust bandwidth-monitored portal,1404
P0451,Persevering 4thgeneration monitoring,37422
P0452,Phased object-oriented standardization,33789
P0453,Fundamental didactic hardware,16092
P0454,Stand-alone high-level strategy,18737
P0455,Multi-layered composite architecture,1848
P0456,Realigned impactful project,542
P0457,Synchronized tertiary synergy,7499
P0458,Diverse intermediate knowledgebase,43351
P0459,Organized optimal task-force,31456
P0460,Digitized reciprocal frame,24596
P0461,Innovative reciprocal time-frame,17349
P0462,Customer-focused even-keeled projection,40835
P0463,Automated systemic synergy,11758
P0464,Integrated demand-driven monitoring,10115
P0465,Innovative bifurcated functionalities,21313
P0466,Switchable demand-driven software,21425
P0467,Monitored uniform functionalities,28366
P0468,Re-contextualized encompassing alliance,46609
P0469,Advanced heuristic interface,40462
P0470,Focused multimedia installation,21061
P0471,Cloned 24/7 task-force,46670
P0472,Enterprise-wide 5thgeneration structure,30286
P0473,Ameliorated incremental methodology,40403
P0474,Diverse 5thgeneration benchmark,26736
P0475,Customizable multimedia budgetary management,27250
P0476,Universal intangible protocol,39467
P0477,Persevering value-added hardware,10213
P0478,Cloned attitude-oriented approach,20659
P0479,Diverse solution-oriented function,29389
P0480,Proactive responsive access,24829
P0481,Persistent reciprocal matrix,1667
P0482,Vision-oriented object-oriented parallelism,41975
P0483,Devolved responsive budgetary management,5635
P0484,Networked 4thgeneration encoding,33822
P0485,Stand-alone 4thgeneration migration,16936
P0486,Expanded coherent application,49722
P0487,Decentralized user-facing initiative,20112
P0488,Cross-group methodical knowledgebase,29148
P0489,Focused encompassing portal,12020
P0490,Customizable bottom-line model,10418
P0491,Up-sized exuding challenge,3959
P0492,De-engineered asynchronous service-desk,36575
P0493,Assimilated directional groupware,2242
P0494,Face-to-face directional frame,48643
P0495,Adaptive multi-tasking neural-net,11698
P0496,Ergonomic explicit parallelism,13993
P0497,Implemented responsive encryption,47259
P0498,Pre-emptive regional Graphic Interface,12804
P0499,Reduced methodical infrastructure,38199
P0500,Persevering system-worthy project,21517
